1,2,3,1asdf,20,123,,25/02/2020,Enabled,,Enabled,2/25/2020 6:20,2/25/2020 6:20
2,2,3,1asdf,20,123,,25/02/2020,Enabled,,Enabled,2/25/2020 6:23,2/25/2020 6:23
3,2,3,1asdf,20,123,,25/02/2020,Enabled,,Enabled,2/25/2020 6:24,2/25/2020 6:24
4,2,3,1asdf,20,123,,25/02/2020,Enabled,,Enabled,2/25/2020 6:24,2/25/2020 6:24
5,2,3,Laravel,20,42,,25/02/2020,Enabled,Enabled,Enabled,2/25/2020 6:24,2/27/2020 19:46
6,2,3,1asdf,20,123,,25/02/2020,Enabled,,Enabled,2/25/2020 6:25,2/25/2020 6:25
7,2,3,1asdf,20,123,,25/02/2020,Enabled,,Enabled,2/25/2020 6:26,2/25/2020 6:26
8,2,3,1asdf PHP,20,42,,25/02/2020,Enabled,,Enabled,2/25/2020 6:27,2/27/2020 19:57
9,2,59,aaaaaaaaa,20,32,,,Enabled,,Enabled,2/25/2020 6:33,2/25/2020 6:33
10,2,3,Math Computer,20,42,,,Enabled,Enabled,Enabled,2/25/2020 6:36,2/25/2020 12:36
11,87,56,asd math,20,42,,,Enabled,,Enabled,2/25/2020 6:40,2/27/2020 19:46
,,,,,,,,,,,,
,,,,,,,,,,,,
,,,,,,,,,,,,
,,,,,,,,,,,,
,,,,,,,,,,,,
,,,,,,,,,,,,
,,,,,,,,,,,,
,,,,,,,,,,,,
,,,,,,,,,,,,
,,,,,,,,,,,,
,,,,,,,,,,,,
,,,,,,,,,,,,
,,,,,,,,,,,,
,,,,,,,,,,,,
,,,,,,,,,,,,
,,,,,,,,,,,,
